{"cameraMode":{"drawMode":0,"name":"Shaded","section":"Shading Mode"},"sceneLighting":true,"audioPlay":false,"sceneViewState":{"showFog":false,"showMaterialUpdate":false,"showSkybox":true,"showFlares":false,"showImageEffects":false,"showParticleSystems":true},"in2DMode":false,"pivot":{"x":-13.27157974243164,"y":1.3356077671051026,"z":-5.2390265464782719},"rotation":{"x":-0.0871959924697876,"y":-0.015520221553742886,"z":0.0013792664976790548,"w":-0.9961503744125366},"size":18.89705467224121,"orthographic":false}